Var1,Var2,Var3,Var4
TTTTAGGCGC,1,-9.628370224,3380445.65922262
CTTTAGGCGC,1,-8.016624546,2276876.90027552
GTTTAGGCGC,1,-8.677198449,2975816.89774339
AATTAGGCGC,1,-9.430067697,3335153.79307006
ACTTAGGCGC,1,-8.750069681,3028310.00176167
AGTTAGGCGC,1,-10.47018766,3470362.17720921
ATATAGGCGC,1,-9.10853445,3225658.67189173
ATCTAGGCGC,1,-8.207477579,2519358.99552866
ATGTAGGCGC,1,-9.459945862,3342897.51401473
ATTAAGGCGC,1,-9.305504058,3298797.26225239
ATTCAGGCGC,1,-8.484153466,2813499.12347319
ATTGAGGCGC,1,-9.627029486,3380184.05760886
ATTTTGGCGC,1,-10.27928148,3459224.45039282
ATTTCGGCGC,1,-9.374391836,3319746.81753447
ATTTGGGCGC,1,-8.739956031,3021299.16385442
ATTTAAGCGC,1,-7.842876264,2034551.08683422
ATTTATGCGC,1,-8.050101045,2321448.24932333
ATTTACGCGC,1,-7.669094392,1780423.51763304
ATTTAGACGC,1,-7.096264592,988709.094049304
ATTTAGTCGC,1,-6.535656492,463985.598460444
ATTTAGCCGC,1,-6.755390686,634562.558936278
ATTTAGGAGC,1,-8.385536952,2716977.57072687
ATTTAGGTGC,1,-7.162166904,1069496.64314038
ATTTAGGGGC,1,-9.615564249,3377924.33004055
ATTTAGGCAC,1,-9.498850204,3352462.01466635
ATTTAGGCTC,1,-9.431674658,3335579.35813116
ATTTAGGCCC,1,-9.272103764,3287835.16741708
ATTTAGGCGA,1,-12.47049598,3498978.99955201
ATTTAGGCGT,1,-12.07950597,3498025.14755616
ATTTAGGCGG,1,-12.1853891,3498348.21351413
